feedback,label
"The student consistently exceeds expectations, demonstrates excellent teamwork, completes tasks ahead of schedule, and shows strong professionalism.",Excellent
"The intern shows outstanding dedication, communicates effectively, and delivers high quality work with minimal supervision.",Excellent
"The student demonstrates leadership, takes initiative, and consistently produces excellent results during the internship.",Excellent
"The student consistently demonstrates exceptional performance, completes assigned tasks efficiently, and exceeds internship expectations through dedication and professionalism.",Excellent
"The intern shows outstanding commitment, actively contributes to team objectives, and consistently delivers high-quality outputs with minimal supervision.",Excellent
"The student demonstrates excellent problem-solving abilities and takes initiative in resolving challenges encountered during the internship.",Excellent
"The intern consistently communicates effectively, collaborates well with colleagues, and maintains a professional attitude throughout the internship period.",Excellent
"The student displays strong technical skills, completes responsibilities accurately, and demonstrates a high level of competency in assigned tasks.",Excellent
"The intern exceeds expectations by showing leadership, adaptability, and strong ownership of assigned responsibilities.",Excellent
"The student consistently produces excellent work, meets deadlines ahead of schedule, and demonstrates reliability in completing internship duties.",Excellent
"The intern demonstrates outstanding teamwork and professionalism while contributing valuable ideas and solutions to assigned projects.",Excellent
"The student shows exceptional dedication to learning new skills and applies feedback effectively to improve performance.",Excellent
"The intern performs tasks with accuracy and demonstrates excellent attention to detail in completing internship requirements.",Excellent
"The student takes initiative, works independently, and consistently demonstrates a strong understanding of internship responsibilities.",Excellent
"The intern maintains excellent work ethics, communicates clearly, and contributes positively to the workplace environment.",Excellent
"The student demonstrates advanced capability in handling assigned tasks and consistently achieves excellent results during the internship.",Excellent
"The intern shows remarkable improvement, actively seeks learning opportunities, and performs responsibilities beyond expectations.",Excellent
"The student consistently demonstrates professionalism, responsibility, and strong collaboration skills throughout the internship.",Excellent
"The intern delivers exceptional outputs, manages time effectively, and requires very little supervision while completing assigned duties.",Excellent
"The student demonstrates excellent adaptability and quickly learns new processes while maintaining high-quality performance.",Excellent
"The student demonstrates exceptional dedication, consistently exceeds internship expectations, and delivers high-quality outputs throughout the training period.",Excellent
"The intern shows outstanding problem-solving skills and takes initiative in completing assigned responsibilities.",Excellent
"The student consistently performs above expectations and contributes meaningful ideas during internship activities.",Excellent
"The intern demonstrates excellent professionalism, strong communication skills, and exceptional commitment to assigned tasks.",Excellent
"The student completes responsibilities ahead of schedule while maintaining accuracy and quality in all outputs.",Excellent
"The intern quickly adapts to new challenges and provides valuable contributions to the organization.",Excellent
"The student displays leadership qualities and actively supports team members in achieving project goals.",Excellent
"The intern consistently produces excellent results with minimal supervision and strong attention to detail.",Excellent
"The student demonstrates remarkable improvement and applies feedback effectively to enhance performance.",Excellent
"The intern shows exceptional teamwork and consistently contributes beyond assigned responsibilities.",Excellent
"The student maintains outstanding work habits and demonstrates strong accountability throughout the internship.",Excellent
"The intern delivers reliable and innovative solutions while showing excellent understanding of assigned tasks.",Excellent
"The student demonstrates advanced skills, professionalism, and commitment to achieving internship objectives.",Excellent
"The intern actively seeks opportunities to improve processes and contribute to workplace success.",Excellent
"The student consistently demonstrates initiative and handles complex tasks effectively.",Excellent
"Outstanding performance and dedication throughout the internship.",Excellent
"Excellent work ethic and professional attitude.",Excellent
"Shows exceptional skills and commitment.",Excellent
"Highly reliable and exceeds expectations.",Excellent
"Demonstrates excellent performance in all assigned activities.",Excellent
"The student goes beyond requirements and consistently delivers exceptional results.",Excellent
"The intern displays strong leadership, independence, and dedication toward assigned projects.",Excellent
"The student demonstrates excellent adaptability and quickly learns new systems and procedures.",Excellent
"The intern provides high-quality outputs and maintains excellent communication with supervisors and colleagues.",Excellent
"The student consistently shows initiative and responsibility beyond normal internship expectations.",Excellent
"The intern performs exceptionally well and contributes positively to workplace improvement.",Excellent
"The student demonstrates superior work quality and excellent professional behavior.",Excellent
"The intern exceeds internship goals through dedication, skill, and consistent effort.",Excellent
"The student is highly motivated, dependable, and capable of handling responsibilities independently.",Excellent
"Exceptional performance throughout the internship period.",Excellent

"The student performs assigned tasks very well, communicates properly, and only requires minor guidance from the supervisor.",Very Satisfactory
"The intern shows strong work performance, meets deadlines, and demonstrates good adaptability in completing responsibilities.",Very Satisfactory
"The student actively participates in tasks and maintains a high level of professionalism throughout the internship.",Very Satisfactory
"The student consistently performs assigned tasks properly, meets deadlines, and demonstrates strong responsibility throughout the internship.",Very Satisfactory
"The intern shows reliable work performance, communicates effectively, and completes responsibilities with minimal guidance from the supervisor.",Very Satisfactory
"The student demonstrates good adaptability, follows workplace procedures, and maintains a professional attitude during the internship.",Very Satisfactory
"The intern completes assigned duties efficiently and shows a strong understanding of the requirements and expectations of the internship.",Very Satisfactory
"The student performs well in assigned activities and consistently provides quality outputs within the given timeframe.",Very Satisfactory
"The intern demonstrates good teamwork, cooperates with colleagues, and contributes positively to assigned projects.",Very Satisfactory
"The student shows consistent improvement, applies feedback appropriately, and continues developing professional skills.",Very Satisfactory
"The intern manages responsibilities effectively and requires only occasional guidance when handling unfamiliar tasks.",Very Satisfactory
"The student demonstrates good communication skills and maintains positive working relationships with team members.",Very Satisfactory
"The intern completes tasks according to standards and shows commitment to achieving internship objectives.",Very Satisfactory
"The student displays dependable performance, follows instructions carefully, and completes assigned requirements successfully.",Very Satisfactory
"The intern adapts well to workplace processes and demonstrates willingness to learn new skills and procedures.",Very Satisfactory
"The student maintains good work habits, manages assigned responsibilities properly, and consistently meets expectations.",Very Satisfactory
"The intern performs tasks with accuracy and demonstrates sufficient knowledge in handling assigned responsibilities.",Very Satisfactory
"The student shows strong cooperation, responds well to feedback, and continues improving throughout the internship period.",Very Satisfactory
"The intern demonstrates effective time management and completes assigned activities with minimal supervision.",Very Satisfactory
"The student consistently meets internship requirements and demonstrates a positive attitude toward assigned tasks.",Very Satisfactory
"The student consistently performs assigned responsibilities with accuracy and demonstrates dependable workplace behavior.",Very Satisfactory
"The intern communicates effectively with supervisors and completes assigned duties with minimal guidance.",Very Satisfactory
"The student demonstrates reliable performance and consistently meets internship expectations.",Very Satisfactory
"The intern adapts well to workplace responsibilities and produces quality outputs on assigned tasks.",Very Satisfactory
"The student performs assigned work efficiently and maintains positive relationships with colleagues.",Very Satisfactory
"The intern consistently demonstrates responsibility and manages assigned duties effectively.",Very Satisfactory
"The student completes internship objectives with good quality and demonstrates strong commitment.",Very Satisfactory
"The intern performs responsibilities independently while maintaining professionalism.",Very Satisfactory
"The student demonstrates effective communication and contributes positively to team activities.",Very Satisfactory
"The intern consistently meets deadlines and performs assigned responsibilities reliably.",Very Satisfactory
"The student demonstrates solid technical skills and applies supervisor feedback appropriately.",Very Satisfactory
"The intern maintains consistent work quality and completes assigned requirements successfully.",Very Satisfactory
"The student demonstrates good judgment and adapts effectively to changing workplace situations.",Very Satisfactory
"The intern consistently contributes to assigned projects and demonstrates dependable work habits.",Very Satisfactory
"The student performs assigned responsibilities with confidence and professionalism.",Very Satisfactory
"The intern consistently demonstrates initiative in completing routine responsibilities.",Very Satisfactory
"The student maintains strong workplace ethics and demonstrates dependable performance.",Very Satisfactory
"The intern demonstrates good teamwork and consistently contributes to organizational objectives.",Very Satisfactory
"The student produces reliable outputs and maintains a positive attitude toward assigned work.",Very Satisfactory
"The intern consistently follows workplace procedures and demonstrates accountability.",Very Satisfactory
"Very dependable intern with strong work performance.",Very Satisfactory
"Consistently produces quality work.",Very Satisfactory
"Reliable and professional throughout the internship.",Very Satisfactory
"Demonstrates strong workplace responsibility.",Very Satisfactory
"Good performance with minimal supervision.",Very Satisfactory
"The student consistently performs well and exceeds normal expectations in several assigned activities.",Very Satisfactory
"The intern demonstrates reliability, cooperation, and consistent progress during the internship.",Very Satisfactory
"The student effectively balances quality work and timely completion of assigned responsibilities.",Very Satisfactory
"The intern maintains strong communication and demonstrates dependable workplace performance.",Very Satisfactory
"Consistently demonstrates very good internship performance.",Very Satisfactory

"The student completes assigned tasks and meets the expected requirements of the internship program.",Satisfactory
"The intern performs duties properly and follows instructions but may still require occasional guidance.",Satisfactory
"The student shows acceptable performance and completes responsibilities within the given timeframe.",Satisfactory
"The student completes assigned internship tasks and fulfills the required responsibilities within the expected timeframe.",Satisfactory
"The intern performs assigned duties properly and follows instructions provided by the supervisor.",Satisfactory
"The student demonstrates acceptable work performance and participates in required internship activities.",Satisfactory
"The intern completes assigned requirements and shows a basic understanding of workplace responsibilities.",Satisfactory
"The student performs tasks according to expectations and continues developing skills through internship experience.",Satisfactory
"The intern shows cooperation with team members and completes assigned activities with appropriate guidance.",Satisfactory
"The student meets the minimum expectations of the internship program and performs assigned responsibilities adequately.",Satisfactory
"The intern demonstrates willingness to learn and completes tasks according to established procedures.",Satisfactory
"The student follows workplace guidelines and completes assigned duties with occasional supervision.",Satisfactory
"The intern maintains acceptable performance and demonstrates consistency in completing internship requirements.",Satisfactory
"The student completes assigned work and shows sufficient understanding of the tasks given during the internship.",Satisfactory
"The intern demonstrates proper workplace behavior and fulfills assigned responsibilities as expected.",Satisfactory
"The student participates actively in internship activities and completes required documentation properly.",Satisfactory
"The intern performs regular duties effectively and continues improving professional skills during the internship.",Satisfactory
"The student follows instructions, completes assigned tasks, and demonstrates appropriate workplace conduct.",Satisfactory
"The intern shows adequate performance and successfully completes the objectives assigned during the internship.",Satisfactory
"The student meets internship requirements and demonstrates satisfactory progress throughout the training period.",Satisfactory
"The student completes assigned tasks according to expectations and follows workplace procedures appropriately.",Satisfactory
"The intern fulfills assigned responsibilities and demonstrates acceptable work performance.",Satisfactory
"The student completes internship activities and maintains satisfactory progress throughout the training period.",Satisfactory
"The intern follows supervisor instructions and completes assigned duties appropriately.",Satisfactory
"The student demonstrates acceptable workplace behavior and fulfills assigned responsibilities.",Satisfactory
"The intern completes assigned work with appropriate guidance from the supervisor.",Satisfactory
"The student demonstrates willingness to learn and fulfills internship requirements.",Satisfactory
"The intern performs assigned duties with satisfactory consistency and reliability.",Satisfactory
"The student completes required documentation and assigned tasks as expected.",Satisfactory
"The intern demonstrates adequate communication and cooperation with colleagues.",Satisfactory
"The student maintains acceptable work quality and follows organizational procedures.",Satisfactory
"The intern performs assigned responsibilities according to workplace expectations.",Satisfactory
"The student demonstrates satisfactory progress and completes required internship activities.",Satisfactory
"The intern follows workplace guidelines and demonstrates appropriate professional behavior.",Satisfactory
"The student fulfills internship objectives with satisfactory performance.",Satisfactory
"The intern demonstrates adequate technical skills for assigned responsibilities.",Satisfactory
"The student completes assigned work and responds appropriately to supervisor feedback.",Satisfactory
"The intern demonstrates consistent participation in internship activities.",Satisfactory
"The student completes assigned responsibilities within acceptable standards.",Satisfactory
"The intern performs assigned tasks with appropriate supervision.",Satisfactory
"Meets internship expectations.",Satisfactory
"Completes assigned responsibilities adequately.",Satisfactory
"Satisfactory work performance.",Satisfactory
"Demonstrates acceptable workplace behavior.",Satisfactory
"Completes tasks as assigned.",Satisfactory
"The student consistently fulfills internship requirements with acceptable performance.",Satisfactory
"The intern demonstrates adequate understanding of assigned workplace responsibilities.",Satisfactory
"The student performs assigned duties according to expected standards.",Satisfactory
"The intern shows satisfactory cooperation and completes required tasks.",Satisfactory
"Overall satisfactory internship performance.",Satisfactory

"The student completes some assigned tasks but needs improvement in consistency, communication, and time management.",Fair
"The intern requires additional supervision and shows difficulty maintaining expected performance levels.",Fair
"The student participates in internship activities but needs more effort in improving task completion and documentation.",Fair
"The student completes some assigned tasks but needs improvement in consistency and time management.",Fair
"The intern shows willingness to participate but requires additional guidance to improve task completion.",Fair
"The student demonstrates basic understanding but struggles with maintaining consistent performance.",Fair
"The intern completes responsibilities with difficulty and needs more support from the supervisor.",Fair
"The student participates in internship activities but needs improvement in communication and documentation.",Fair
"The intern shows effort but requires further development of professional skills and workplace habits.",Fair
"The student occasionally meets expectations but needs improvement in completing assigned responsibilities.",Fair
"The intern requires frequent reminders to complete tasks and improve work consistency.",Fair
"The student demonstrates potential but needs additional practice and supervision to improve performance.",Fair
"The intern completes assigned duties but shows weaknesses in time management and organization.",Fair
"The student needs further improvement in adapting to workplace procedures and expectations.",Fair
"The intern demonstrates partial completion of responsibilities and requires continued guidance.",Fair
"The student shows some progress but still needs improvement in task execution and reliability.",Fair
"The intern participates in assigned activities but requires more effort to achieve expected performance.",Fair
"The student demonstrates limited consistency and needs additional support during the internship period.",Fair
"The intern requires guidance in improving quality of work and meeting deadlines.",Fair
"The student shows acceptable effort but needs improvement in professional skills and task management.",Fair
"The student demonstrates basic understanding of assigned responsibilities but needs improvement in consistency.",Fair
"The intern completes some assigned tasks but requires additional guidance to improve work quality.",Fair
"The student participates in internship activities but occasionally struggles to meet deadlines.",Fair
"The intern demonstrates willingness to learn but needs improvement in organization and time management.",Fair
"The student performs assigned duties with inconsistent quality and requires periodic supervision.",Fair
"The intern demonstrates acceptable effort but needs improvement in communication with the team.",Fair
"The student shows potential but requires additional coaching to improve workplace performance.",Fair
"The intern completes assigned responsibilities but demonstrates inconsistent work habits.",Fair
"The student participates actively but needs improvement in accuracy and attention to detail.",Fair
"The intern demonstrates developing skills but requires frequent reminders to complete assigned tasks.",Fair
"The student occasionally struggles with task prioritization and requires additional guidance.",Fair
"The intern demonstrates inconsistent performance across assigned responsibilities.",Fair
"The student shows effort but needs to improve reliability and workplace consistency.",Fair
"The intern demonstrates satisfactory attendance but requires improvement in productivity.",Fair
"The student needs additional practice to consistently meet internship expectations.",Fair
"The intern requires moderate supervision to complete assigned duties successfully.",Fair
"The student demonstrates acceptable behavior but needs improvement in task execution.",Fair
"The intern occasionally experiences difficulty adapting to workplace procedures.",Fair
"The student requires guidance in managing workload and completing responsibilities efficiently.",Fair
"The intern demonstrates gradual improvement but has not yet achieved consistent performance.",Fair
"Needs improvement in consistency.",Fair
"Requires additional guidance.",Fair
"Performance is inconsistent.",Fair
"Shows potential but needs coaching.",Fair
"Developing workplace skills.",Fair
"The student demonstrates partial achievement of internship objectives and requires continued guidance.",Fair
"The intern needs improvement in maintaining consistent work quality across assignments.",Fair
"The student requires support in strengthening workplace communication and organization.",Fair
"The intern demonstrates improving skills but still requires supervision to complete responsibilities.",Fair
"Fair internship performance with room for improvement.",Fair

"The student frequently misses deadlines, fails to complete assigned tasks, and requires constant supervision.",Needs Improvement
"The intern demonstrates poor attendance and struggles to meet internship expectations.",Needs Improvement
"The student shows significant difficulties in completing responsibilities and improving performance.",Needs Improvement
"The student frequently struggles to complete assigned tasks and requires constant supervision to meet internship expectations.",Needs Improvement
"The intern often misses deadlines and needs significant improvement in managing assigned responsibilities.",Needs Improvement
"The student demonstrates difficulty adapting to workplace requirements and requires additional support from the supervisor.",Needs Improvement
"The intern shows inconsistent performance and frequently needs reminders to complete assigned tasks properly.",Needs Improvement
"The student has difficulty meeting internship objectives and requires further development of professional skills.",Needs Improvement
"The intern demonstrates poor time management and struggles to complete responsibilities within the expected timeframe.",Needs Improvement
"The student requires continuous guidance due to difficulties in completing assigned internship activities.",Needs Improvement
"The intern shows limited participation and needs significant improvement in communication and workplace behavior.",Needs Improvement
"The student frequently fails to follow instructions and requires improvement in responsibility and task completion.",Needs Improvement
"The intern demonstrates challenges in maintaining consistent performance and meeting assigned requirements.",Needs Improvement
"The student needs substantial improvement in professionalism, attendance, and completion of internship responsibilities.",Needs Improvement
"The intern struggles with assigned duties and requires additional training to improve workplace performance.",Needs Improvement
"The student demonstrates insufficient progress and needs closer supervision throughout the internship period.",Needs Improvement
"The intern frequently encounters difficulties in completing tasks and meeting expected standards.",Needs Improvement
"The student shows lack of consistency in performance and requires improvement in work habits and accountability.",Needs Improvement
"The intern requires significant assistance in developing the skills needed to successfully complete internship responsibilities.",Needs Improvement
"The student has difficulty achieving expected outcomes and needs considerable improvement in overall internship performance.",Needs Improvement
"The student consistently fails to complete assigned responsibilities despite repeated guidance.",Needs Improvement
"The intern frequently misses deadlines and demonstrates difficulty completing assigned tasks.",Needs Improvement
"The student requires constant supervision due to repeated performance issues.",Needs Improvement
"The intern demonstrates significant difficulty adapting to workplace expectations.",Needs Improvement
"The student consistently struggles to complete responsibilities within required timeframes.",Needs Improvement
"The intern frequently fails to follow workplace procedures and supervisor instructions.",Needs Improvement
"The student demonstrates poor consistency and is unable to complete assigned work independently.",Needs Improvement
"The intern requires continuous intervention to complete routine internship activities.",Needs Improvement
"The student repeatedly submits incomplete work and demonstrates difficulty meeting expectations.",Needs Improvement
"The intern consistently experiences problems with attendance, punctuality, and task completion.",Needs Improvement
"The student demonstrates limited improvement despite ongoing coaching and feedback.",Needs Improvement
"The intern struggles to fulfill internship objectives and requires substantial assistance.",Needs Improvement
"The student frequently overlooks assigned responsibilities and requires repeated reminders.",Needs Improvement
"The intern demonstrates serious deficiencies in workplace communication and accountability.",Needs Improvement
"The student consistently performs below internship expectations.",Needs Improvement
"The intern has difficulty completing even basic assigned responsibilities.",Needs Improvement
"The student demonstrates poor time management and repeatedly misses required deadlines.",Needs Improvement
"The intern requires extensive supervision throughout assigned activities.",Needs Improvement
"The student struggles significantly with adapting to professional workplace standards.",Needs Improvement
"The intern repeatedly fails to complete assigned duties on schedule.",Needs Improvement
"Consistently below expectations.",Needs Improvement
"Requires constant supervision.",Needs Improvement
"Frequently misses deadlines.",Needs Improvement
"Unable to complete assigned responsibilities independently.",Needs Improvement
"Needs significant improvement.",Needs Improvement
"The student demonstrates persistent performance issues affecting overall internship progress.",Needs Improvement
"The intern consistently requires corrective intervention to complete assigned work.",Needs Improvement
"The student is unable to maintain acceptable workplace performance without continuous supervision.",Needs Improvement
"The intern demonstrates repeated difficulty meeting internship standards and objectives.",Needs Improvement
"Overall performance requires significant improvement.",Needs Improvement